-- phpMyAdmin SQL Dump
-- version 5.2.0
-- https://www.phpmyadmin.net/
--
-- Host: 127.0.0.1
-- Generation Time: Apr 22, 2023 at 09:51 AM
-- Server version: 10.4.27-MariaDB
-- PHP Version: 8.2.0

SET SQL_MODE = "NO_AUTO_VALUE_ON_ZERO";
START TRANSACTION;
SET time_zone = "+00:00";


/*!40101 SET @OLD_CHARACTER_SET_CLIENT=@@CHARACTER_SET_CLIENT */;
/*!40101 SET @OLD_CHARACTER_SET_RESULTS=@@CHARACTER_SET_RESULTS */;
/*!40101 SET @OLD_COLLATION_CONNECTION=@@COLLATION_CONNECTION */;
/*!40101 SET NAMES utf8mb4 */;

--
-- Database: `shoppingcart`
--

-- --------------------------------------------------------

--
-- Table structure for table `category`
--

CREATE DATABASE shoppingcart;
use shoppingcart;

CREATE TABLE `category` (
  `category_id` int(11) NOT NULL,
  `category_name` varchar(100) NOT NULL
) ENGINE=InnoDB DEFAULT CHARSET=utf8mb4 COLLATE=utf8mb4_general_ci;

--
-- Dumping data for table `category`
--

INSERT INTO `category` (`category_id`, `category_name`) VALUES
(2, 'Butcher'),
(3, 'Fridge'),
(5, 'Frozen'),
(4, 'Pantry'),
(1, 'Produce');

-- --------------------------------------------------------

--
-- Table structure for table `products`
--

CREATE TABLE `products` (
  `id` int(11) NOT NULL,
  `brand` varchar(200) DEFAULT NULL,
  `name` varchar(200) NOT NULL,
  `price` decimal(7,2) NOT NULL,
  `quantity` int(11) NOT NULL,
  `img` text NOT NULL,
  `category_id` int(11) NOT NULL,
  `subcat_id` int(11) NOT NULL
) ENGINE=InnoDB DEFAULT CHARSET=utf8mb4 COLLATE=utf8mb4_general_ci;

--
-- Dumping data for table `products`
--

INSERT INTO `products` (`id`, `brand`, `name`, `price`, `quantity`, `img`, `category_id`, `subcat_id`) VALUES
(1001, '', 'Granny Smith Apple', '1.10', 400, '1001.jpg', 1, 1),
(1002, '', 'Fresh Bananas', '0.84', 550, '1002.jpg', 1, 1),
(1003, '', 'Hass Avocados', '2.50', 0, '1003.jpg', 1, 1),
(1004, '', 'Celery', '5.50', 175, '1004.jpg', 1, 1),
(1005, '', 'Sweet Corn', '1.60', 137, '1005.jpg', 1, 1),
(1006, '', 'Purple Eggplant', '3.87', 229, '1006.jpg', 1, 1),
(1007, '', 'Pink Lady Apple', '2.20', 352, '1007.jpg', 1, 1),
(1008, '', 'Blackberries 125g', '6.69', 323, '1008.jpg', 1, 1),
(1009, '', 'Blueberries 125g', '9.99', 245, '1009.jpg', 1, 1),
(1010, '', 'Raspberries 125g', '6.00', 157, '1010.jpg', 1, 1),
(1011, '', 'Strawberries 125g', '8.99', 252, '1011.jpg', 1, 1),
(1012, '', 'Ruby Red Grapefruit', '5.22', 264, '1012.jpg', 1, 1),
(1013, '', 'Lemon', '0.75', 416, '1013.jpg', 1, 1),
(1014, '', 'Lime', '2.06', 324, '1014.jpg', 1, 1),
(1015, '', 'Afourer Mandarin', '1.40', 267, '1015.jpg', 1, 1),
(1016, '', 'Navel Orange', '3.15', 157, '1016.jpg', 1, 1),
(1017, '', 'Pomello', '10.16', 356, '1017.jpg', 1, 1),
(1018, '', 'White Seedless Grapes 500g', '11.25', 157, '1018.jpg', 1, 1),
(1019, '', 'Honeydew Melon', '4.99', 126, '1019.jpg', 1, 1),
(1020, '', 'William Pear', '1.40', 169, '1020.jpg', 1, 1),
(1021, '', 'Kensington Mango', '4.49', 369, '1021.jpg', 1, 1),
(1022, '', 'Passionfruit', '2.29', 525, '1022.jpg', 1, 1),
(1023, '', 'Sweet Topless Pineapple', '8.99', 267, '1023.jpg', 1, 1),
(1024, '', 'Broccoli Head', '3.27', 238, '1024.jpg', 1, 1),
(1025, '', 'Red Capsicum', '2.47', 268, '1025.jpg', 1, 1),
(1026, '', 'Carrot', '0.58', 378, '1026.jpg', 1, 1),
(1027, '', 'Lebanese Cucumber', '1.75', 356, '1027.jpg', 1, 1),
(1028, '', 'Green Cabbage', '5.49', 361, '1028.jpg', 1, 1),
(1029, '', 'Button Mushrooms 200g', '4.27', 237, '1029.jpg', 1, 1),
(1030, '', 'Garlic 500g', '4.49', 268, '1030.jpg', 1, 1),
(1031, '', 'Brushed Bag Potato 2kg', '6.69', 367, '1031.jpg', 1, 1),
(1032, '', 'Cherry Tomato 200g', '3.99', 457, '1032.jpg', 1, 1),
(2001, '', 'Bakery Soft Rolls', '5.50', 90, '2001.jpg', 1, 2),
(2002, '', 'Sesame Bagels', '10.10', 162, '2002.jpg', 1, 2),
(2003, '', 'Pita Pockets', '5.50', 145, '2003.jpg', 1, 2),
(2004, 'Abbotts Bakery', 'Abbotts Bakery Gluten Free Rustic White 500g', '7.80', 234, '2004.jpg', 1, 2),
(2005, 'Abbotts Bakery', 'Abbotts Bakery Gluten Free Soy and Linseed 500g', '5.50', 145, '2005.jpg', 1, 2),
(2006, 'Bake Stone Deli', 'Bake Stone Deli Olive Oil Pizza Bases x3 450g', '4.20', 142, '2006.jpg', 1, 2),
(2007, 'Bills', 'Bills Wholemeal Organic Sourdough 620g', '6.99', 643, '2007.jpg', 1, 2),
(2008, 'Bills', 'Bills Organic Activated 7 Seeds Multigrain Sourdough 620g', '8.49', 345, '2008.jpg', 1, 2),
(2009, 'Bills', 'Bills Organic Ancient Grains and Super Seeds Sourdough 620g', '7.99', 623, '2009.jpg', 1, 2),
(2010, 'Bills', 'Bills Organic Khorasan Sourdough 620g', '7.99', 237, '2010.jpg', 1, 2),
(2011, 'Bills', 'Bills Organic Medium Rye Sourdough 620g', '7.99', 764, '2011.jpg', 1, 2),
(2012, 'Bills', 'Bills Organic Multi Fruit Sourdough 660g', '8.50', 345, '2012.jpg', 1, 2),
(2013, 'Bills', 'Bills Organic Spelt Sourdough', '7.99', 146, '2013.jpg', 1, 2),
(2014, 'Boundary Road', 'Boundary Road Brioche Burger Buns x4 ', '5.99', 0, '2014.jpg', 1, 2),
(2015, 'Boundary Road', 'Boundary Road Brioche Hot Dog Rolls x6 ', '4.49', 352, '2015.jpg', 1, 2),
(2016, '', 'All Butter Croissants x3 ', '3.89', 267, '2016.jpg', 1, 2),
(2017, '', 'All Butter Mini Croissants x8 ', '3.89', 263, '2017.jpg', 1, 2),
(2018, '', 'All Butter Chocolate Croissants x4 ', '3.99', 257, '2018.jpg', 1, 2),
(2019, '', 'Bread Rolls Seeded x6 ', '3.69', 472, '2019.jpg', 1, 2),
(2020, '', 'Bread Rolls White x6 ', '5.50', 637, '2020.jpg', 1, 2),
(2021, '', 'Croutons Sea Salt 70g ', '4.99', 278, '2021.jpg', 1, 2),
(2022, '', 'Croutons Sea Salt And Rosemary 70g ', '4.99', 362, '2022.jpg', 1, 2),
(2023, 'La Banderita', 'La Banderita Burrito Grande x10 710g', '10.99', 627, '2023.jpg', 1, 2),
(2024, 'La Banderita', 'La Banderita Fajita Flour Tortillas x10 320g', '8.69', 527, '2024.jpg', 1, 2),
(2025, 'La Banderita', 'La Banderita Soft Taco x10 454g', '10.50', 145, '2025.jpg', 1, 2),
(2026, 'La Banderita', 'La Banderita Street Taco x20 360g', '7.99', 167, '2026.jpg', 1, 2),
(2027, 'La Banderita', 'La Banderita Tortillas Family Pack x20 640g', '10.99', 162, '2027.jpg', 1, 2),
(2028, 'La Banderita', 'La Tortilleria Corn Tortillas Gluten Free 220g', '6.29', 178, '2028.jpg', 1, 2),
(2029, 'La Banderita', 'La Tortilleria Corn Tortillas Gluten Free 330g', '9.99', 187, '2029.jpg', 1, 2),
(2030, 'Marcels', 'Marcels Choc Chip Pancakes x6 240g', '6.39', 472, '2030.jpg', 1, 2),
(2031, 'Marcels', 'Marcels Happy Pancakes x6 240g', '6.39', 279, '2031.jpg', 1, 2),
(2032, 'Marcels', 'Marcels Merry Blueberry Pancakes x6 240g', '5.50', 284, '2032.jpg', 1, 2),
(3001, 'Cape Grim', 'Cape Grim Beef Eye Fillet Steaks 200-340g', '30.46', 96, '3001.jpg', 2, 3),
(3002, 'Murray River', 'Murray River Smokehouse Smoked Free Range Bacon 180g', '9.99', 125, '3002.jpg', 2, 3),
(3003, 'Cleavers Organic', 'Cleavers Organic Free Range and Grass Fed Extra Lean Beef Mince 500g', '16.99', 152, '3003.jpg', 2, 3),
(3004, 'Hazeldenes', 'Hazeldenes Free Range Chicken Drumsticks 400-650g', '5.29', 82, '3004.jpg', 2, 3),
(3005, 'Hazeldenes', 'Hazeldenes Free Range Chicken Breast Fillets 550-700g', '15.23', 91, '3005.jpg', 2, 3),
(3006, 'Hazeldenes', 'Hazeldenes Free Range Chicken 1.3-1.8kg', '15.24', 57, '3006.jpg', 2, 3),
(3007, 'Cape Grim', 'Cape Grim Beef Ox Cheek 600-900g', '22.49', 57, '3007.jpg', 2, 3),
(3008, 'Cape Grim', 'Cape Grim Beef Rump Steak 250-400g', '14.00', 57, '3008.jpg', 2, 3),
(3009, 'Cape Grim', 'Cape Grim Beef Flank Steaks 600g-1kg', '31.99', 57, '3009.jpg', 2, 3),
(3010, 'Cleavers Organic', 'Cleavers Organic Free Range And Grass Fed Lamb Cutlets 150-350g', '28.00', 57, '3010.jpg', 2, 3),
(3011, 'Cleavers Organic', 'Cleavers Organic Grass Fed Lamb Meatballs 380g', '11.99', 57, '3011.jpg', 2, 3),
(3012, 'Cleavers Organic', 'Cleavers Organic Free Range And Grass Fed Lamb Backstrap 200-350g', '24.50', 57, '3012.jpg', 2, 3),
(3013, '', 'Pork Belly 500g-1kg', '15.24', 57, '3013.jpg', 2, 3),
(3014, '', 'Pork Fillet 300-600g', '16.19', 57, '3014.jpg', 2, 3),
(3015, '', 'Pork Leg Roast 1.2-2kg', '20.10', 57, '3015.jpg', 2, 3),
(3016, '', 'Pork Ribs American Style 700-1.2kg', '32.39', 57, '3016.jpg', 2, 3),
(3017, 'Cleavers Organic', 'Cleavers Organic Free Range And Grass Fed Beef Chuck And Brisket Burgers x4 450g', '12.24', 57, '3017.jpg', 2, 3),
(3018, 'Cleavers Organic', 'Cleavers Organic Free Range And Grass Fed Beef Sausages 450g', '11.94', 57, '3018.jpg', 2, 3),
(3019, 'Papandrea Fine Foods', 'Papandrea Fine Foods Classic Chicken Sausages 500g', '11.94', 57, '3019.jpg', 2, 3),
(3020, 'B-B Products', 'B-B Products Free Range Prosciutto 100g', '8.94', 57, '3020.jpg', 2, 3),
(3021, 'B-B Products', 'B-B Products Pastrami 100g', '6.99', 57, '3021.jpg', 2, 3),
(3022, 'B-B Products', 'B.B Products Pancetta 100g', '9.99', 57, '3022.jpg', 2, 3),
(3023, 'B-B Products', 'B-B Products Salami Milano 100g', '7.99', 57, '3023.jpg', 2, 3),
(3024, 'K-Roo', 'K-Roo Kangaroo Fillets 400-600g', '29.99', 57, '3024.jpg', 2, 3),
(3025, 'K-Roo', 'K-Roo Kangaroo Steak 450-600g', '11.99', 57, '3025.jpg', 2, 3),
(3026, 'K-Roo', 'K-Roo Kangaroo Sausages 500g', '7.99', 57, '3026.jpg', 2, 3),
(3027, 'Cleavers Organic', 'Cleavers Organic Premium Lamb Mince 500g', '13.99', 57, '3027.jpg', 2, 3),
(3028, 'Lilydale', 'Lilydale Free Range Chicken Mince 500g', '9.99', 57, '3028.jpg', 2, 3),
(3029, 'Tara Valley', 'Tara Valley Brilliant Bolognaise Beef And Pork Mince 500g', '8.99', 57, '3029.jpg', 2, 3),
(3030, 'Cleavers Organic', 'Cleavers Organic Lamb Butterfly Leg Oregano And Mint 900-1.5kg', '59.99', 57, '3030.jpg', 2, 3),
(3031, 'Curious Cuts', 'Curious Cuts Beef Brisket 500g-1kg', '33.99', 57, '3031.jpg', 2, 3),
(3032, 'Curious Cuts', 'Curious Cuts Beef Skirt Steak 600g-900g', '23.39', 57, '3032.jpg', 2, 3),
(4001, 'Barambah Organics', 'Barambah Organics Unhomogenised Cream Top Full Cream Milk 2L', '6.54', 70, '4001.jpg', 3, 4),
(4002, 'Coco Tribe', 'Coco Tribe Organic Coconut Milk Greek Style Natural Yoghurt 1kg', '12.99', 125, '4002.jpg', 3, 4),
(4003, 'Game Farm', 'Game Farm Fresh Quail Eggs x12 130g', '5.28', 245, '4003.jpg', 3, 4),
(4004, 'Sunny Queen', 'Sunny Queen Free Range Extra Large Eggs 12 pack 700g', '7.12', 134, '4004.jpg', 3, 4),
(4005, 'Myrtle Creek', 'Myrtle Creek Cage Free Extra Large Eggs 12 pack 700g', '4.82', 182, '4005.jpg', 3, 4),
(4006, 'Ballantyne', 'Ballantyne Salted Traditional Butter 250g', '6.79', 159, '4006.jpg', 3, 4),
(4007, 'Ballantyne', 'Ballantyne Unsalted Butter Cultured Style 200g', '7.29', 279, '4007.jpg', 3, 4),
(4008, 'Ballantyne', 'Ballantyne Spreadable Butter And Extra Virgin Olive Oil Blend 250g', '7.29', 238, '4008.jpg', 3, 4),
(4009, 'Ballantyne', 'Ballantyne Spreadable Butter And Canola Oil Light Blend 250g', '9.99', 372, '4009.jpg', 3, 4),
(4010, 'Ballantyne', 'Ballantyne Spreadable Butter And Canola Oil Blend 250g', '7.29', 482, '4010.jpg', 3, 4),
(4011, 'Alba', 'Alba Mozzarella Cheese 250g', '7.20', 278, '4011.jpg', 3, 4),
(4012, 'Alba', 'Alba Shredded Cheddar Cheese 500g', '14.29', 347, '4012.jpg', 3, 4),
(4013, '', 'Ambrosia Cheese 200-350g', '10.50', 476, '4013.jpg', 3, 4),
(4014, '', 'Antona Italian Parmesan 250-450g', '16.65', 261, '4014.jpg', 3, 4),
(4015, 'Auricchio', 'Auricchio Provolone Cheese Piccante Sliced 100g', '4.99', 416, '4015.jpg', 3, 4),
(4016, 'Farmer Rods', 'Farmer Rods Pasture Grazed Free Range Eggs x12 700g', '8.29', 357, '4016.jpg', 3, 4),
(4017, 'Farmer Rods', 'Farmer Rods Pasture Grazed Free Range Eggs x12 800g', '9.49', 192, '4017.jpg', 3, 4),
(4018, 'Pirovic', 'Pirovic Cage Free Barn Laid Jumbo Eggs x10 700g ', '5.49', 179, '4018.jpg', 3, 4),
(4019, 'Pirovic', 'Pirovic Cage Free Eggs x15 630g', '4.99', 482, '4019.jpg', 3, 4),
(4020, 'Yesyoucan', 'Yesyoucan Vegan Egg Replacer 180g', '5.29', 381, '4020.jpg', 3, 4),
(4021, 'A2', 'A2 Full Cream Milk 1l', '3.80', 239, '4021.jpg', 3, 4),
(4022, 'A2', 'A2 Full Cream Milk 2l', '6.60', 481, '4022.jpg', 3, 4),
(4023, 'A2', 'A2 Light Milk 2l', '6.60', 283, '4023.jpg', 3, 4),
(4024, 'Barambah Organics', 'Barambah Organics Unhomogenised Cream Top Light Milk 1.4% Fat 2l', '7.29', 273, '4024.jpg', 3, 4),
(4025, 'Barambah Organics', 'Barambah Organics Unhomogenised Skim Milk 2l', '7.29', 278, '4025.jpg', 3, 4),
(4026, 'Bulla', 'Bulla Cooking Light Thickened Cream 300ml', '3.00', 489, '4026.jpg', 3, 4),
(4027, 'Attiki', 'Attiki Greek Style Natural Yoghurt 1kg', '9.99', 268, '4027.jpg', 3, 4),
(4028, 'Babushka', 'Babushka Organic Probiotic Kefir Natural 750g', '6.50', 382, '4028.jpg', 3, 4),
(4029, 'Barambah Organics', 'Barambah Organics All Natural Full Fat Yoghurt 1kg', '12.29', 285, '4029.jpg', 3, 4),
(4030, 'Barambah Organics', 'Barambah Organics Lactose Free Natural Yoghurt 1kg', '12.69', 482, '4030.jpg', 3, 4),
(4031, 'Barambah Organics', 'Barambah Organics Bush Honey Yoghurt 1kg', '12.69', 312, '4031.jpg', 3, 4),
(4032, 'Barambah Organics', 'Barambah Organics Lactose Free Real Passionfruit Yoghurt 500g', '7.99', 245, '4032.jpg', 3, 4),
(5001, 'Beerenberg', 'Beerenberg Barbeque Sauce', '5.20', 260, '5001.jpg', 4, 5),
(5002, 'Gourmet Garden', 'Gourmet Garden Organic Chives Lightly Dried 4g', '4.12', 149, '5002.jpg', 4, 5),
(5003, 'Spice and Co', 'Spice and Co Cumin Ground 50g', '3.27', 95, '5003.jpg', 4, 5),
(5004, 'Random Harvest', 'Random Harvest Beef Bbq Rub 165g', '10.49', 100, '5004.jpg', 4, 5),
(5005, 'Chefs Choice', 'Chefs Choice Himalayan Pink Fine Salt 300g', '5.29', 152, '5005.jpg', 4, 5),
(5006, 'Gourmet Garden', 'Gourmet Organic Herbs Paprika Smoked 30g', '4.29', 240, '5006.jpg', 4, 5),
(5007, 'Gourmet Garden', 'Gourmet Organic Herbs Fennel Seed Ground 20g', '4.29', 240, '5007.jpg', 4, 5),
(5008, 'Beerenberg', 'Beerenberg Chilli Sauce 300ml', '5.20', 532, '5008.jpg', 4, 5),
(5009, 'Beerenberg', 'Beerenberg Cheese Condiment Fig And Pomegranate 190g', '5.35', 264, '5009.jpg', 4, 5),
(5010, 'Beerenberg', 'Beerenberg Chutney Mango 280g', '5.35', 633, '5010.jpg', 4, 5),
(5011, 'Beerenberg', 'Beerenberg Chutney Hot Tomato 260g', '5.69', 532, '5011.jpg', 4, 5),
(5012, 'Beerenberg', 'Beerenberg Creamy Parmesan Caesar Dressing 300ml', '6.29', 278, '5012.jpg', 4, 5),
(5013, 'Beerenberg', 'Beerenberg Eggplant Tomato Relish 260g', '5.35', 268, '5013.jpg', 4, 5),
(5014, 'Beerenberg', 'Beerenberg Honey Mustard Dressing 300ml', '6.29', 0, '5014.jpg', 4, 5),
(5015, 'Beerenberg', 'Beerenberg Peri Peri Sauce 300ml', '6.29', 332, '5015.jpg', 4, 5),
(5016, 'Blu Estate', 'Blu Estate Extra Virgin Olive Oil Classic Everyday 750ml', '15.99', 222, '5016.jpg', 4, 5),
(5017, 'Borde', 'Borde Black Truffle Olive Oil 250ml', '28.49', 111, '5017.jpg', 4, 5),
(5018, 'Crisco', 'Crisco Vegetable Oil 750ml', '5.99', 526, '5018.jpg', 4, 5),
(5019, 'Crisco', 'Crisco Peanut Oil 750ml', '8.49', 237, '5019.jpg', 4, 5),
(5020, 'Crisco', 'Crisco Canola Oil 750ml', '5.99', 401, '5020.jpg', 4, 5),
(5021, 'Brookfarm', 'Brookfarm Macadamia Oil Premium Grade 250ml', '13.69', 672, '5021.jpg', 4, 5),
(5022, 'Harvest', 'Harvest Rice Bran Oil 1l', '8.49', 215, '5022.jpg', 4, 5),
(5023, 'Cocotribe', 'Cocotribe Organic Virgin Coconut Oil 300g', '9.49', 157, '5023.jpg', 4, 5),
(5024, 'Classique Gourmet', 'Classique Gourmet Virgin Flaxseed Oil 250ml', '15.99', 257, '5024.jpg', 4, 5),
(5025, 'Gourmet Garden', 'Gourmet Garden Basil Lightly Dried 10g', '4.29', 371, '5025.jpg', 4, 5),
(5026, 'Gourmet Garden', 'Gourmet Garden Chilli Lightly Dried 10g', '4.29', 332, '5026.jpg', 4, 5),
(5027, 'Gourmet Garden', 'Gourmet Garden Organic Parsley Lightly Dried 8g', '4.49', 373, '5027.jpg', 4, 5),
(5028, 'Gourmet Garden', 'Gourmet Garden Organic Coriander Lightly Dried 8g', '4.29', 282, '5028.jpg', 4, 5),
(5029, 'Gourmet Garden', 'Gourmet Organic Herbs Cayenne Pepper 30g', '4.29', 237, '5029.jpg', 4, 5),
(5030, 'Gourmet Garden', 'Gourmet Organic Herbs Chinese 5 Spice Powder 30g', '4.29', 167, '5030.jpg', 4, 5),
(5031, 'Gourmet Garden', 'Gourmet Organic Herbs Cinnamon Ground 30g', '4.29', 279, '5031.jpg', 4, 5),
(5032, 'Gourmet Garden', 'Gourmet Organic Herbs Garlic Granules 40g', '4.29', 427, '5032.jpg', 4, 5),
(6001, 'Absolute Good', 'Absolute Good Dark Chocolate Coated Strawberries 100g', '8.99', 252, '6001.jpg', 4, 6),
(6002, 'The Market Grocer', 'The Market Grocer Almonds Raw Organic 200g', '12.46', 240, '6002.jpg', 4, 6),
(6003, 'Honest to Goodness', 'Honest to Goodness Organic Black Chia Seeds 250g', '9.39', 100, '6003.jpg', 4, 6),
(6004, 'Power Super Foods', 'Power Super Foods Goji Berries 125g', '12.75', 152, '6004.jpg', 4, 6),
(6005, 'Essential Hemp', 'Essential Hemp Organic Protein Powder Vanilla 420g', '35.99', 240, '6005.jpg', 4, 6),
(6006, 'Absolute Good', 'Absolute Good Broad Bean With Sea Salt 150g', '5.69', 258, '6006.jpg', 4, 6),
(6007, 'Absolute Good', 'Absolute Good Edamame With Sea Salt 150g', '5.69', 302, '6007.jpg', 4, 6),
(6008, 'Absolute Good', 'Absolute Good Hemp Seed Bites With Black And White Sesame Seeds 120g', '7.49', 344, '6008.jpg', 4, 6),
(6009, 'Essential Hemp', 'Essential Hemp Australian Hemp Seeds 200g', '9.99', 498, '6009.jpg', 4, 6),
(6010, 'Honest Sea', 'Honest Sea Organic Roasted Seaweed Snack Sea Salt 6 x 3g', '6.99', 423, '6010.jpg', 4, 6),
(6011, 'Anna Polyviou', 'Anna Polyviou Choc Brownie Cookie Dough 450g', '11.99', 450, '6011.jpg', 4, 6),
(6012, 'Balocco', 'Balocco Novellini 350g', '4.29', 478, '6012.jpg', 4, 6),
(6013, 'Balocco', 'Balocco Wafers Cubes Milk Vanilla 250g', '5.29', 154, '6013.jpg', 4, 6),
(6014, 'Byron Bay Cookies', 'Byron Bay White Choc Chunk And Macadamia Nut Cookie 60g', '3.29', 208, '6014.jpg', 4, 6),
(6015, 'Crostoli King', 'Crostoli King Nonnas Biscuits 300g', '5.99', 246, '6015.jpg', 4, 6),
(6016, 'Absolutefruitz', 'Absolutefruitz Seaweed Crisps With Almond And Sesame 35g', '6.29', 289, '6016.jpg', 4, 6),
(6017, 'Alter Eco', 'Alter Eco Organic 47% Dark Chocolate Salted Coconut Toffee 80g', '6.29', 329, '6017.jpg', 4, 6),
(6018, 'Alter Eco', 'Alter Eco Organic Dark Salted Almonds Chocolate 80g', '6.29', 367, '6018.jpg', 4, 6),
(6019, 'Belcolade', 'Belcolade 55% Dark Chocolate Drops 200g', '6.99', 412, '6019.jpg', 4, 6),
(6020, 'Burtx', 'Burts Hand Cooked Potato Chips Mature Cheddar And Spring Onion 150g', '4.29', 436, '6020.jpg', 4, 6),
(6021, '180 Degrees', '180 Degrees Cheese Bites 150g', '9.29', 465, '6021.jpg', 4, 6),
(6022, '180 Degrees', '180 Degrees Walnut Oat Crackers 150g', '6.29', 494, '6022.jpg', 4, 6),
(6023, 'Fine Fettle', 'Fine Fettle Flats Beetroot And Hazelnut Crackers 80g', '6.99', 132, '6023.jpg', 4, 6),
(6024, 'Nairns', 'Nairns Cheese Oatcakes 200g', '5.95', 179, '6024.jpg', 4, 6),
(6025, 'Ravin', 'Ravin Detachable Crackers Chicken Salt And Italian Herbs 100g', '2.29', 224, '6025.jpg', 4, 6),
(6026, 'Galaxy', 'Galaxy Australian Raw Chickpeas 1kg', '5.99', 267, '6026.jpg', 4, 6),
(6027, 'Galaxy', 'Galaxy Adzuki Beans 1kg', '6.99', 310, '6027.jpg', 4, 6),
(6028, 'Galaxy', 'Galaxy Borlotti Beans 1kg', '6.99', 354, '6028.jpg', 4, 6),
(6029, 'Honest To Goodness', 'Honest To Goodness Organic Dried Cranberries 200g', '11.69', 389, '6029.jpg', 4, 6),
(6030, 'Mareeba', 'Mareeba Orchards Dried Mango 85g', '8.99', 428, '6030.jpg', 4, 6),
(6031, 'Mareeba', 'Mareeba Orchards Dried Banana 85g', '4.29', 457, '6031.jpg', 4, 6),
(6032, 'Mareeba', 'Mareeba Orchards Dried Pineapple 57g', '6.99', 483, '6032.jpg', 4, 6),
(7001, 'Barilla', 'Barilla Collezione Fettuccine 500g', '4.76', 120, '7001.jpg', 4, 7),
(7002, 'Fynbos Fine Foods', 'Fynbos Fine Foods Pesto Tomato 140g', '6.78', 230, '7002.jpg', 4, 7),
(7003, 'La Molisana', 'La Molisana Whole Wheat Fusilli No.28 500g', '3.49', 140, '7003.jpg', 4, 7),
(7004, 'Berklo', 'Berkelo Sourdough Emmer Twists 400g', '4.49', 255, '7004.jpg', 4, 7),
(7005, 'Berklo', 'Berkelo Sourdough Khorasan Macaroni 400g', '4.49', 526, '7005.jpg', 4, 7),
(7006, 'Berklo', 'Berkelo Sourdough Spelt Shells 400g', '9.49', 123, '7006.jpg', 4, 7),
(7007, 'Berklo', 'Berkelo Sourdough Wholewheat Penne 400g', '8.49', 251, '7007.jpg', 4, 7),
(7008, 'Berklo', 'Berkelo Sourdough Wholewheat Shells 400g', '8.49', 277, '7008.jpg', 4, 7),
(7009, 'La Molisana', 'La Molisana Farfalle Rigate No.66 500g', '3.99', 316, '7009.jpg', 4, 7),
(7010, 'La Molisana', 'La Molisana Gnocchi Di Patate 500g', '3.69', 266, '7010.jpg', 4, 7),
(7011, 'La Molisana', 'La Molisana Linguine No.6 500g', '3.49', 362, '7011.jpg', 4, 7),
(7012, 'La Molisana', 'La Molisana Maccheroni N.37 500g', '3.49', 216, '7012.jpg', 4, 7),
(7013, 'La Molisana', 'La Molisana Orecchiette No.30 500g', '3.99', 423, '7013.jpg', 4, 7),
(7014, 'La Molisana', 'La Molisana Penne Rigate N.20 500g', '3.49', 156, '7014.jpg', 4, 7),
(7015, 'La Molisana', 'La Molisana Rigatoni No.31 500g', '3.49', 236, '7015.jpg', 4, 7),
(7016, 'La Molisana', 'La Molisana Rotelle No.71 500g', '3.49', 312, '7016.jpg', 4, 7),
(7017, 'Fynbos Fine Foods', 'Fynbos Fine Food Pesto Smoked Chilli 140g', '6.99', 261, '7017.jpg', 4, 7),
(7018, 'Fynbos Fine Foods', 'Fynbos Fine Foods Pesto Aubergine 140g', '6.99', 421, '7018.jpg', 4, 7),
(7019, 'Fynbos Fine Foods', 'Fynbos Fine Foods Spread Smoked Aubergine 140g', '6.99', 121, '7019.jpg', 4, 7),
(7020, 'Luca Ciano', 'Luca Ciano Pasta Sauce Pumpkin Amaretti 480g', '12.69', 312, '7020.jpg', 4, 7),
(7021, 'Luca Ciano', 'Luca Ciano Sugo Fresh Basil 480g', '11.99', 521, '7021.jpg', 4, 7),
(7022, 'Luca Ciano', 'Luca Ciano Pasta Sauce Fresh Rocket Chilli And Celery Sugo 480g', '12.69', 222, '7022.jpg', 4, 7),
(7023, 'Luca Ciano', 'Luca Ciano Pasta Sauce Caramelised Onions And Thyme 480g', '11.99', 142, '7023.jpg', 4, 7),
(7024, 'Pastificio', 'Pastificio Radiatori 500g', '8.99', 352, '7024.jpg', 4, 7),
(7025, 'Pastificio', 'Pastificio Ricciarelle 500g', '8.99', 278, '7025.jpg', 4, 7),
(7026, 'Pastificio', 'Pastificio Ruote 500g', '8.99', 286, '7026.jpg', 4, 7),
(7027, 'Pastificio', 'Pastificio Spaghetti 500g', '4.76', 294, '7027.jpg', 4, 7),
(7028, 'Rummo', 'Rummo Chickpea Pasta Penne 300g', '5.99', 196, '7028.jpg', 4, 7),
(7029, 'Rummo', 'Rummo Red Lentil Pasta Penne 300g', '5.99', 511, '7029.jpg', 4, 7),
(7030, 'Phycohealth', 'Phycohealth Sea Spirals Seaweed Pasta 375g', '10.49', 416, '7030.jpg', 4, 7),
(7031, 'Sacla', 'Sacla Classic Basil Pesto 190g', '5.49', 167, '7031.jpg', 4, 7),
(7032, 'Sacla', 'Sacla Sundried Tomato And Garlic Pasta Sauce 190g', '5.99', 461, '7032.jpg', 4, 7),
(8001, 'Barenaked', 'Barenaked Noodles 380g', '4.69', 461, '8001.jpg', 4, 8),
(8002, 'Barenaked', 'Barenaked Protein Noodles 250g ', '4.69', 124, '8002.jpg', 4, 8),
(8003, 'Ceriotti', 'Ceriotti Arborio Rice 1kg', '5.29', 0, '8003.jpg', 4, 8),
(8004, 'Changs', 'Changs - Noodles Egg (200g)', '3.29', 145, '8004.jpg', 4, 8),
(8005, 'Changs', 'Changs Crunchy Noodles 100g', '1.59', 256, '8005.jpg', 4, 8),
(8006, 'Chefs Choice', 'Chefs Choice Israeli Pearl Couscous 500g', '6.95', 351, '8006.jpg', 4, 8),
(8007, 'Chefs Choice', 'Chefs Choice Organic 3 Mix Quinoa 500g', '7.49', 513, '8007.jpg', 4, 8),
(8008, 'Chefs Choice', 'Chefs Choice Organic Basmati Rice 1kg', '6.69', 497, '8008.jpg', 4, 8),
(8009, 'Chefs Choice', 'Chefs Choice Organic Black Rice 500g', '6.29', 189, '8009.jpg', 4, 8),
(8010, 'Chefs Choice', 'Chefs Choice Organic Buckwheat Kernels 500g', '4.29', 426, '8010.jpg', 4, 8),
(8011, 'Chefs Choice', 'Chefs Choice Organic Hulled Millet 500g', '4.29', 465, '8011.jpg', 4, 8),
(8012, 'Chefs Choice', 'Chefs Choice Organic Jasmine Rice 1kg', '5.99', 485, '8012.jpg', 4, 8),
(8013, 'Chefs Choice', 'Chefs Choice Organic Quinoa Flakes 300g', '9.49', 168, '8013.jpg', 4, 8),
(8014, 'Chefs Choice', 'Chefs Choice Organic Red Quinoa 500g', '7.49', 278, '8014.jpg', 4, 8),
(8015, 'Chefs Choice', 'Chefs Choice Organic White Quinoa 500g', '7.49', 372, '8015.jpg', 4, 8),
(8016, 'Chefs Choice', 'Chefs Choice Roasted Farro 500g', '7.49', 483, '8016.jpg', 4, 8),
(8017, 'Chefs Choice', 'Chefs Choice South Indian Style Coconut Dahl 170g', '4.29', 412, '8017.jpg', 4, 8),
(8018, 'Chefs Choice', 'Chefs Choice Spanish Seasoned Paella Bomba Rice 200g', '4.99', 258, '8018.jpg', 4, 8),
(8019, 'Chefs Choice', 'Chefs Choice Wild Rice 150g', '4.69', 276, '8019.jpg', 4, 8),
(8020, 'Marco Polo', 'Marco Polo Polenta 750g', '3.29', 195, '8020.jpg', 4, 8),
(8021, 'Mr Lees', 'Mr Lees Coconut Chicken Laksa Noodles Cup 65.4g', '5.99', 379, '8021.jpg', 4, 8),
(8022, 'Mr Lees', 'Mr Lees Hong Kong Street Beef Noodles Cup 58.5g', '5.99', 197, '8022.jpg', 4, 8),
(8023, 'Mr Lees', 'Mr Lees Tai Chi Chicken Noodles Cup 59.5g', '5.99', 437, '8023.jpg', 4, 8),
(8024, 'Mr Lees', 'Mr Lees Zen Garden Vegetables Noodles Cup 55.4g', '5.99', 197, '8024.jpg', 4, 8),
(8025, 'Osha', 'Osha Bean Vermicelli 250g', '2.49', 261, '8025.jpg', 4, 8),
(8026, 'Spiral Foods', 'Spiral Foods Organic Gluten Free Japanese Buckwheat Soba Noodles 200g', '9.29', 261, '8026.jpg', 4, 8),
(8027, 'Spiral Foods', 'Spiral Foods Organic Udon Japanese Noodles 300g', '4.29', 361, '8027.jpg', 4, 8),
(8028, 'Sunrice', 'Sunrice Medium Grain Brown Rice 2kg', '6.50', 160, '8028.jpg', 4, 8),
(8029, 'Sunrice', 'Sunrice Medium Grain Rice 10kg', '38.99', 392, '8029.jpg', 4, 8),
(8030, 'Tilda', 'Tilda Hot Jalapeno Wholegrain Rice 250g', '3.99', 195, '8030.jpg', 4, 8),
(8031, 'Tilda', 'Tilda Peri Peri Basmati Rice 250g', '3.99', 316, '8031.jpg', 4, 8),
(8032, 'Tilda', 'Tilda Premium Usa Long Grain Rice 250g', '3.99', 297, '8032.jpg', 4, 8),
(9001, 'Califa Farms', 'Califia Farms Oat Milk Barista 1L', '4.80', 100, '9001.jpg', 4, 9),
(9002, 'Almo', 'Almo Unsweetened Australian Almond Milk 1l', '6.99', 100, '9002.jpg', 4, 9),
(9003, 'Bonsoy', 'Bonsoy Soy Milk 1l', '4.80', 100, '9003.jpg', 4, 9),
(9004, 'Dairy Farmers', 'Dairy Farmers Full Cream Long Life Milk 1l', '2.49', 100, '9004.jpg', 4, 9),
(9005, 'Dairy Farmers', 'Dairy Farmers Skim Long Life Milk 1l', '2.49', 100, '9005.jpg', 4, 9),
(9006, 'Milklab', 'Milklab Almond Milk 1l', '6.99', 100, '9006.jpg', 4, 9),
(9007, 'Milklab', 'Milklab Coconut Milk 1l', '5.99', 100, '9007.jpg', 4, 9),
(9008, 'Milklab', 'Milklab Dairy Milk 1l', '3.99', 100, '9008.jpg', 4, 9),
(9009, 'Milklab', 'Milklab Lactose Free Milk 1l', '4.99', 100, '9009.jpg', 4, 9),
(9010, 'Milklab', 'Milklab Macadamia Milk 1l', '6.99', 100, '9010.jpg', 4, 9),
(9011, 'Milklab', 'Milklab Oat Milk 1l', '6.99', 100, '9011.jpg', 4, 9),
(9012, 'Alka', 'Alka Power Alkaline Water 1.5l', '3.49', 100, '9012.jpg', 4, 9),
(9013, 'Babushka', 'Babushka Probiotic Kefir Coconut 500g', '4.99', 100, '9013.jpg', 4, 9),
(9014, 'Babushka', 'Babushka Probiotic Kefir Honey And Turmeric 500g', '4.99', 100, '9014.jpg', 4, 9),
(9015, 'Babushka', 'Babushka Probiotic Kefir Mango 500g', '4.99', 100, '9015.jpg', 4, 9),
(9016, 'Babushka', 'Babushka Probiotic Kefir Vanilla Yoghurt 500g', '5.29', 100, '9016.jpg', 4, 9),
(9017, 'Bickfords', 'Bickfords Cranberry Juice 1l', '6.29', 100, '9017.jpg', 4, 9),
(9018, 'Bickfords', 'Bickfords Lemon Lime Bitters Cordial 750ml', '4.35', 100, '9018.jpg', 4, 9),
(9019, 'Famous Soda Co.', 'Famous Soda Co. Sugar Free Pink Lemonade 4 x 250ml', '8.49', 100, '9019.jpg', 4, 9),
(9020, 'Famous Soda Co.', 'Famous Soda Co. Sugar Free Blood Orange 4 x 250ml', '8.49', 100, '9020.jpg', 4, 9),
(9021, 'Peptea', 'Peptea Organic Greentea Kombucha Apple Pomegranate 350ml', '3.69', 100, '9021.jpg', 4, 9),
(9022, 'Peptea', 'Peptea Drinks Organic Greentea Kombucha Mango 350ml', '3.69', 100, '9022.jpg', 4, 9),
(9023, 'Byron Bay Coffee Co.', 'Byron Bay Coffee Co. Classic Plunger Ground Coffee 250g', '15.29', 100, '9023.jpg', 4, 9),
(9024, 'Byron Bay Coffee Co.', 'Byron Bay Coffee Co. Gourmet Drinking Chocolate 450g', '7.99', 100, '9044.jpg', 4, 9),
(9025, 'Byron Bay Coffee Co.', 'Byron Bay Coffee Co. Nero Espresso Bean Coffee 500g', '22.99', 100, '9025.jpg', 4, 9),
(9026, 'Celestial Seasonings', 'Celestial Bengal Spice Herbal Teabags x20 47g', '6.29', 100, '9026.jpg', 4, 9),
(9027, 'Henry Langdon', 'Henry Langdon Chai Latte 280g', '13.69', 100, '9027.jpg', 4, 9),
(9028, 'Kindra Foods', 'Kintra Foods Calm And Relax Loose Leaf Tea 60g', '10.49', 100, '9028.jpg', 4, 9),
(9029, 'Kindra Foods', 'Kintra Foods Licorice And Pepperment Teabags x25 50g', '7.99', 100, '9029.jpg', 4, 9),
(9030, 'Kindra Foods', 'Kintra Foods Matcha Green Tea Blend x25 50g', '11.29', 100, '9030.jpg', 4, 9),
(9031, 'Kindra Foods', 'Kintra Foods Turmeric Golden Blend Powder 100g', '8.49', 100, '9031.jpg', 4, 9),
(9032, 'Kindra Foods', 'Kintra Foods Sleepy Extra Strength Teabags x25 50g', '8.49', 100, '9032.jpg', 4, 9),
(10001, 'Ahoy Nuts', 'Ahoy Nuts Crunchy Organic Peanut Butter 375g', '3.50', 100, '10001.jpg', 4, 10),
(10002, 'Ahoy Nuts', 'Ahoy Nuts Smooth Organic Peanut Butter 375g', '3.50', 100, '10002.jpg', 4, 10),
(10003, 'BeePower', 'BeePower New Zealand Manuka Honey Umf 5+ 500g', '37.99', 100, '10003.jpg', 4, 10),
(10004, 'BeePower', 'BeePower Honey Raw Organic 500g', '11.69', 100, '10004.jpg', 4, 10),
(10005, 'Beerenberg', 'Beerenberg Australian Orange Marmalade 300g', '5.69', 100, '10005.jpg', 4, 10),
(10006, 'Beerenberg', 'Beerenberg Strawberry Jam 300g', '5.99', 100, '10006.jpg', 4, 10),
(10007, 'Bisota', 'Biosota Mgo 30+ Ginger Honey 350g', '15.99', 100, '10007.jpg', 4, 10),
(10008, 'Bonville', 'Bonville Pure Creamed Honey 400g', '9.49', 100, '10008.jpg', 4, 10),
(10009, 'Carwari', 'Carwari Black Tahini Unhulled 375g', '9.49', 100, '10009.jpg', 4, 10),
(10010, 'Cuttaway Creek', 'Cuttaway Creek Blackberry Jam 220g', '8.49', 100, '10010.jpg', 4, 10),
(10011, 'Cuttaway Creek', 'Cuttaway Creek Blackcurrant Jam 220g', '8.49', 100, '10011.jpg', 4, 10),
(10012, 'Cuttaway Creek', 'Cuttaway Creek Golden Fig Jam 220g', '8.49', 100, '10012.jpg', 4, 10),
(10013, 'Cuttaway Creek', 'Cuttaway Creek Lime And Lemon Marmalade 220g', '8.49', 100, '10013.jpg', 4, 10),
(10014, 'Cuttaway Creek', 'Cuttaway Creek Raspberry Blackberry Jam 220g', '8.49', 100, '10014.jpg', 4, 10),
(10015, 'Cuttaway Creek', 'Cuttaway Creek Raspberry Jam 220g', '8.49', 100, '10015.jpg', 4, 10),
(10016, 'Cuttaway Creek', 'Cuttaway Creek Rhubarb And Ginger Jam 220g', '8.49', 100, '10016.jpg', 4, 10),
(10017, 'Cuttaway Creek', 'Cuttaway Creek Three Fruits Marmalade 220g', '8.49', 100, '10017.jpg', 4, 10),
(10018, 'Honest To Goodness', 'Honest To Goodness Organic Brown Rice Syrup 500g', '6.29', 100, '10018.jpg', 4, 10),
(10019, 'Honest To Goodness', 'Honest To Goodness Organic Coconut Syrup 500g', '10.49', 100, '10019.jpg', 4, 10),
(10020, 'Honey Australia', 'Honey Australia Chilli Honey 335g', '13.99', 100, '10020.jpg', 4, 10),
(10021, 'Honey Australia', 'Honey Australia Eucalyptus Honey 400g', '9.99', 100, '10021.jpg', 4, 10),
(10022, 'Honey Australia', 'Honey Australia Honeycomb 350g', '18.99', 100, '10022.jpg', 4, 10),
(10023, 'Noble Australia', 'Noble Handcrafted Vanilla Maple Syrup Tonic 02 450ml', '41.99', 100, '10023.jpg', 4, 10),
(10024, 'Noya', 'Noya Abc Nut Butter 250g', '8.99', 100, '10024.jpg', 4, 10),
(10025, 'Noya', 'Noya Almond Chia Nut And Seed Butter 250g', '9.49', 100, '10025.jpg', 4, 10),
(10026, 'Noya', 'Noya Abc Chia Nut Butter 250g', '11.69', 100, '10026.jpg', 4, 10),
(10027, 'Noya', 'Noya Almond Nut Butter 250g', '8.99', 100, '10027.jpg', 4, 10),
(10028, 'Noya', 'Noya Cashew Nut Butter 250g', '8.99', 100, '10028.jpg', 4, 10),
(10029, 'Noya', 'Noya Hazelnut Nut Butter 250g', '13.69', 100, '10029.jpg', 4, 10),
(10030, 'Noya', 'Noya Macadamia Nut Butter 250g', '17.99', 100, '10030.jpg', 4, 10),
(10031, 'Noya', 'Noya Pistachio Nut Butter 250g', '19.99', 100, '10031.jpg', 4, 10),
(10032, 'Noya', 'Noya Royal Mixed Nut Butter 250g', '13.69', 100, '10032.jpg', 4, 10),
(11001, 'Healthy Baker Flour', 'Healthy Baker Flour Self Raising 1kg', '3.25', 241, '11001.jpg', 4, 11),
(11002, 'Mckenzies', 'Mckenzies Wholemeal Spelt Flour 300g', '4.00', 0, '11002.jpg ', 4, 11),
(11003, 'Mckenzies', 'Mckenzies Buckwheat Flour 300g', '4.00', 113, '11003.jpg', 4, 11),
(11004, 'Mckenzies', 'Mckenzies Chick Pea Flour 300g', '4.00', 271, '11004.jpg', 4, 11),
(11005, 'Mckenzies', 'Mckenzies Tapioca Flour 300g', '4.00', 215, '11005.jpg', 4, 11),
(11006, 'White Wings', 'White Wings Plain Flour 1kg', '2.00', 421, '11006.jpg', 4, 11),
(11007, 'CSR', 'CSR Caster Sugar 1kg', '2.20', 341, '11007.jpg', 4, 11),
(11008, 'Mckenzies', 'Mckenzies Baking Powder 115g', '2.00', 321, '11008.jpg', 4, 11),
(11009, 'Mckenzies', 'Mckenzies Gelatine Powder 100g', '4.20', 231, '11009.jpg', 4, 11),
(11010, 'CSR', 'CSR Raw Sugar 2kg', '3.50', 281, '11010.jpg', 4, 11),
(11011, 'CSR', 'CSR Brown Sugar 500g', '2.25', 389, '11011.jpg', 4, 11),
(11012, 'CSR', 'CSR White Sugar 2kg', '2.80', 409, '11012.jpg', 4, 11),
(11013, 'CSR', 'CSR Pure Icing Sugar 500g', '1.85', 289, '11013.jpg', 4, 11),
(11014, 'CSR', 'CSR Soft Sugar Icing Mixture 1kg', '3.85', 261, '11014.jpg', 4, 11),
(11015, 'Mckenzies', 'McKenzies Bicarbonate Soda 1kg', '3.95', 421, '11015.jpg', 4, 11),
(11016, 'Queen', 'Queen Organic Vanilla Extract 50mL', '3.25', 326, '11016.jpg', 4, 11),
(11017, 'Tandaco', 'Tandaco Yeast 84g', '4.70', 481, '11017.jpg', 4, 11),
(11018, 'Nestle', 'Nestle Bakers Choice Milk Chocolate Bits 200g', '5.00', 391, '11018.jpg', 4, 11),
(11019, 'Nestle', 'Nestle Bakers Choice Dark Chocolate Melts 290g', '5.00', 429, '11019.jpg', 4, 11),
(11020, 'Nestle', 'Nestle Baking Cocoa 190g', '4.50', 202, '11020.jpg', 4, 11),
(11021, 'CSR', 'CSR Dark Brown Sugar 1kg', '4.20', 309, '11021.jpg', 4, 11),
(11022, 'Lighthouse', 'Lighthouse Biscuit, Pastry & Cake Plain Flour 1kg', '3.85', 411, '11022.jpg', 4, 11),
(11023, 'Queen', 'Queen Finest Natural Almond Extract 50mL', '2.50', 333, '11023.jpg', 4, 11),
(11024, 'Queen', 'Queen Finest Natural Peppermint Extract 50mL', '2.50', 392, '11024.jpg', 4, 11),
(11025, 'Equal', 'Equal Sweetener Tablets Refill 500 pack', '11.95', 275, '11025.jpg', 4, 11),
(11026, 'Queen', 'Queen Blue Food Colour 50mL', '0.95', 217, '11026.jpg', 4, 11),
(11027, 'Queen', 'Queen Green Food Colour 50mL', '0.95', 319, '11027.jpg', 4, 11),
(11028, 'Mckenzies', 'McKenzies Cream Of Tartar 115g', '2.80', 493, '11028.jpg', 4, 11),
(11029, 'Cadbury', 'Cadbury White Chocolate Baking Chips 200g', '4.50', 239, '11029.jpg', 4, 11),
(11030, 'Nestle', 'Nestle Plaistowe Baking Chocolate 70% 180g', '5.00', 470, '11030.jpg', 4, 11),
(11031, 'Mckenzies', 'McKenzies Citric Acid 75g', '2.10', 271, '11031.jpg', 4, 11),
(11032, 'Mckenzies', 'McKenzies Dried Shaved Coconut 150g', '3.65', 430, '11032.jpg', 4, 11),
(12001, 'Twisted', 'Twisted Frozen Strawberry And Chocolate + Vanilla Bean Yoghurt 480mL', '7.78', 123, '12001.jpg', 5, 12),
(12002, 'Twisted', 'Twisted Licks 99% Sugar Free Dipped Vanilla Latte 4Pack 320mL', '7.00', 268, '12002.jpg', 5, 12),
(12003, 'Nannas', 'Nannas Frozen Apple Crumble 550g', '5.00', 225, '12003.jpg', 5, 12),
(12004, 'Nannas', 'Nannas Frozen Golden & Crispy Snack Apple Pies 450g', '5.00', 125, '12004.jpg', 5, 12),
(12005, 'Nannas', 'Nannas Frozen Blackberry & Apple Pies 4 pack 450g', '5.00', 215, '12005.jpg', 5, 12),
(12006, 'Nannas', 'Nannas Frozen French Style Crepes 400g', '7.50', 268, '12006.jpg', 5, 12),
(12007, 'Greenback', 'Greenback Protein Frozen Dessert Choc Peanut Tub 475mL', '13.00', 362, '12007.jpg', 5, 12),
(12008, 'Greenback', 'Greenback Protein Frozen Dessert Hazelnut Tub 475mL', '13.00', 271, '12008.jpg', 5, 12),
(12009, 'Greenback', 'Greenback Protein Frozen Dessert Vanilla Hazelnut 3 Pack 360mL', '13.00', 377, '12009.jpg', 5, 12),
(12010, 'YoPro', 'YoPro Frozen Desserts Chocolate Mocha 4 pack 540mL', '12.00', 472, '12010.jpg', 5, 12),
(12011, 'Gym Bod', 'Gym Bod Peanut Butter Salted Caramel 475mL', '7.50', 167, '12011.jpg', 5, 12),
(12012, 'Gym Bod', 'Gym Bod Chocolate Pudding 475mL', '7.50', 284, '12012.jpg', 5, 12),
(12013, 'Yo Chi', 'Yo Chi Frozen Natural Yoghurt 500mL', '9.50', 371, '12013.jpg', 5, 12),
(12014, 'Yo Chi', 'Yo Chi Frozen Wild Berry Yoghurt 500mL', '9.50', 168, '12014.jpg', 5, 12),
(12015, 'Halo Top', 'Halo Top Brownie Batter Ice Cream Tub 473mL', '8.00', 392, '12015.jpg', 5, 12),
(12016, 'Halo Top', 'Halo Top Oat Milk Triple Chocolate Cake 473mL', '8.00', 492, '12016.jpg', 5, 12),
(12017, 'Halo Top', 'Halo Top Salted Caramel Tub 473mL', '8.00', 194, '12017.jpg', 5, 12),
(12018, 'Halo Top', 'Halo Top Cookies & Cream 473mL', '8.00', 179, '12018.jpg', 5, 12),
(12019, 'Halo Top', 'Halo Top Strawberry Cheesecake Ice Cream Tub 473mL', '8.00', 158, '12019.jpg', 5, 12),
(12020, 'Halo Top', 'Halo Top Oat Milk Chocolate Hazelnut Ice Cream Tub 473mL', '8.00', 267, '12020.jpg', 5, 12),
(12021, 'Denada', 'Denada Sugar Free Ice Cream Raspberry Ribbon Vegan 475mL', '8.50', 252, '12021.jpg', 5, 12),
(12022, 'Denada', 'Denada Sugar Free Ice Cream Choc Pops Almond Vanilla 3 Pack 315mL', '11.50', 523, '12022.jpg', 5, 12),
(12023, 'Denada', 'Denada Ice Cream Mango Split 475mL', '11.50', 312, '12023.jpg', 5, 12),
(12024, 'Denada', 'Denada Sugar Free Ice Cream Chocolate Pops Milk Chocolate & Hazelnut 3 Pack 315mL', '12.00', 521, '12024.jpg', 5, 12),
(12025, 'Denada', 'Denada Sugar Free Espresso Chocolate Fudge Vegan Ice Cream 475mL', '11.50', 351, '12025.jpg', 5, 12),
(12026, 'Denada', 'Denada Sugar Free Salted Caramel Vegan Ice Cream 475mL', '11.50', 216, '12026.jpg', 5, 12),
(12027, 'Denada', 'Denada Sugar Free Ice Cream Raspberry Ribbon Vegan 475mL', '12.00', 431, '12027.jpg', 5, 12),
(12028, 'Juices', 'Juicies Lemonade 10 Pack 1L', '8.50', 412, '12028.jpg', 5, 12),
(12029, 'Coyo', 'Coyo Organic Coconut Ice Cream Vanilla Bean 500mL', '9.00', 361, '12029.jpg', 5, 12),
(12030, 'Coyo', 'Coyo Coconut Ice Cream Cookies & Cream 500mL', '9.00', 316, '12030.jpg', 5, 12),
(12031, 'Snackboy', 'Snackboy Loving Earth White Chocolate Caramel Dessert 475mL', '11.00', 278, '12031.jpg', 5, 12),
(12032, 'Snackboy', 'Snackboy Macro Mike Salted Caramel Dessert 475mL', '11.00', 282, '12032.jpg', 5, 12),
(13001, 'Creative Gourmet', 'Creative Gourmet Frozen Blueberries 300g', '5.65', 282, '13001.jpg', 5, 13),
(13002, 'Creative Gourmet', 'Creative Gourmet Frozen Mango Chunks 750g', '8.00', 251, '13002.jpg', 5, 13),
(13003, 'Creative Gourmet', 'Creative Gourmet Frozen Pink Dragonfruit Chunks 300g', '5.65', 157, '13003.jpg', 5, 13),
(13004, 'Creative Gourmet', 'Creative Gourmet Frozen Banana Chunks 500g', '5.00', 372, '13004.jpg', 5, 13),
(13005, 'Creative Gourmet', 'Creative Gourmet Frozen Mixed Berries 750g', '8.00', 377, '13005.jpg', 5, 13),
(13006, 'Creative Gourmet', 'Creative Gourmet Banana Mango Pineapple 400g', '5.65', 288, '13006.jpg', 5, 13),
(13007, 'Creative Gourmet', 'Creative Gourmet Frozen Lychees 300g', '5.65', 437, '13007.jpg', 5, 13),
(13008, 'Creative Gourmet', 'Creative Gourmet Frozen Coconut Chunks 300g', '5.65', 178, '13008.jpg', 5, 13),
(13009, 'Creative Gourmet', 'Creative Gourmet Frozen Raspberries 300g', '5.65', 472, '13009.jpg', 5, 13),
(13010, 'Creative Gourmet', 'Creative Gourmet Frozen Avocado Slices 250g', '5.65', 278, '13010.jpg', 5, 13),
(13011, 'Creative Gourmet', 'Creative Gourmet Frozen Passionfruit Pulp 300g', '5.65', 542, '13011.jpg', 5, 13),
(13012, 'Creative Gourmet', 'Creative Gourmet Frozen Organic Acai Puree 400g', '8.00', 311, '13012.jpg', 5, 13),
(13013, 'Creative Gourmet', 'Creative Gourmet Fruit Strawberries 500g', '5.65', 342, '13013.jpg', 5, 13),
(13014, 'Mccain', 'Mccain Straight Sweet Potato Chips 750g', '7.70', 236, '13014.jpg', 5, 13),
(13015, 'Mccain', 'Mccain Straight Cut Healthy Choice 1kg', '5.50', 411, '13015.jpg', 5, 13),
(13016, 'Strong Roots', 'Strong Roots Proper Chips 650g', '6.50', 245, '13016.jpg', 5, 13),
(13017, 'Strong Roots', 'Strong Roots Oven Baked Sweet Potato Fries 500g', '6.00', 166, '13017.jpg', 5, 13),
(13018, 'Strong Roots', 'Strong Roots Crispy Skinny Fries 750g', '6.50', 331, '13018.jpg', 5, 13),
(13019, 'Potato Utopia', 'Potato Utopia Rustic Skin On Fries 600g', '5.00', 442, '13019.jpg', 5, 13),
(13020, 'Potato Utopia', 'Potato Utopia Crispy Seasoned Fries 600g', '5.00', 525, '13020.jpg', 5, 13),
(13021, 'Birds Eye', 'Birds Eye Deli Seasoned Roast Potatoes Rosemary & Garlic 600g', '4.80', 0, '13021.jpg', 5, 13),
(13022, 'Birds Eye', 'Birds Eye Frozen Chopped Spinach 250g', '2.80', 362, '13022.jpg', 5, 13),
(13023, 'Birds Eye', 'Birds Eye Frozen Peas Baby Whole 500g', '4.00', 172, '13023.jpg', 5, 13),
(13024, 'Birds Eye', 'Birds Eye Snap Frozen Corn Kernels 1kg', '6.00', 192, '13024.jpg', 5, 13),
(13025, 'Birds Eye', 'Birds Eye Snap Frozen Broad Beans 500g', '4.00', 467, '13025.jpg', 5, 13),
(13026, 'Birds Eye', 'Birds Eye Frozen Cauliflower Rice 500g', '4.40', 439, '13026.jpg', 5, 13),
(13027, 'Birds Eye', 'Birds Eye Snap Frozen Sliced Green Beans 500g', '3.40', 197, '13027.jpg', 5, 13),
(13028, 'Birds Eye', 'Birds Eye Snap Frozen Broccoli Florets 500g', '4.50', 197, '13028.jpg', 5, 13),
(13029, 'Birds Eye', 'Birds Eye Herbs Ginger 75g', '4.50', 426, '13029.jpg', 5, 13),
(13030, 'Birds Eye', 'Birds Eye Herbs Garlic 75g', '4.50', 277, '13030.jpg', 5, 13),
(13031, 'Birds Eye', 'Birds Eye Herbs Basil 50g', '4.50', 237, '13031.jpg', 5, 13),
(13032, 'Birds Eye', 'Birds Eye Herbs Coriander 50g', '4.50', 283, '13032.jpg', 5, 13);

-- --------------------------------------------------------

--
-- Table structure for table `subcategory`
--

CREATE TABLE `subcategory` (
  `subcat_id` int(11) NOT NULL,
  `subcat_name` varchar(100) NOT NULL,
  `category_id` int(11) DEFAULT NULL
) ENGINE=InnoDB DEFAULT CHARSET=utf8mb4 COLLATE=utf8mb4_general_ci;

--
-- Dumping data for table `subcategory`
--

INSERT INTO `subcategory` (`subcat_id`, `subcat_name`, `category_id`) VALUES
(1, 'Fruit & Veg', 1),
(2, 'Bakery', 1),
(3, 'Meat', 2),
(4, 'Dairy & Eggs', 3),
(5, 'Condiments, Oils, Herbs & Spices', 4),
(6, 'Health Foods and Snacks', 4),
(7, 'Pasta & Pasta Sauces', 4),
(8, 'Rice, noodles and grains', 4),
(9, 'Long life Milk & Drinks', 4),
(10, 'Spreads', 4),
(11, 'Baking', 4),
(12, 'Frozen Desserts & Ice-cream', 5),
(13, 'Frozen Fruit & Vegetables', 5);



/*!40101 SET CHARACTER_SET_CLIENT=@OLD_CHARACTER_SET_CLIENT */;
/*!40101 SET CHARACTER_SET_RESULTS=@OLD_CHARACTER_SET_RESULTS */;
/*!40101 SET COLLATION_CONNECTION=@OLD_COLLATION_CONNECTION */;
